ThemeId,Theme
4 Juniors,47
Adventurers,28
Agents,93
Alpha Team,46
Angry Birds,102
Aquazone,36
Architecture,58
Atlantis,56
Avatar,84
Belville,64
Ben 10,106
Bionicle,11
Boat,49
Books,39
Building Set with People,48
Bulk Bricks,8
Cars,70
Castle,2
Classic,4
Clikits,17
Collectible Minifigures,91
Creator,27
Designer Sets,77
Dimensions,99
Dino,95
Dino 2010,100
Dino Attack,101
Dinosaurs,96
Discovery,13
Disney,98
Disney Princess,33
Disney's Mickey Mouse,81
Duplo,32
Educational and Dacta,31
Elves,63
Exo-Force,85
FIRST LEGO League,55
Fabuland,43
Factory,23
Freestyle,51
Friends,35
Fusion,61
Gear,5
Ghostbusters,103
Harry Potter,19
Hero Factory,41
Hobby Sets,10
Homemaker,62
Indiana Jones,53
Inventor,87
Island Xtreme Stunts,79
Juniors,34
Jurassic World,76
LEGO Brand Store,78
LEGO Ideas and CUUSOO,59
Legends of Chima,72
Legoland,0
Legoland Parks,86
Master Building Academy,54
Mindstorms,29
Minecraft,60
Minitalia,38
Mixels,88
Model Team,20
Modular Buildings,22
Monster Fighters,25
Nexo Knights,65
Ninja,37
Ninjago,40
Other,21
Pharaoh's Quest,69
Pirates,14
Pirates of the Caribbean,71
Power Functions,105
Power Miners,90
Prince of Persia,57
Promotional,67
Racers,42
Rock Raiders,44
Scooby-Doo,104
Sculptures,12
Seasonal,15
Service Packs,24
Space,3
Speed Champions,92
SpongeBob SquarePants,83
Sports,18
Spybiotics,82
Star Wars,9
Studios,45
Super Heroes,16
Technic,30
Teenage Mutant Ninja Turtles,74
The Hobbit and Lord of the Rings,26
The LEGO Movie,75
The Lone Ranger,73
Time Cruisers,52
Town,1
Toy Story,68
Train,7
Universal Building Set,6
Universe,94
Value Packs,50
Vikings,97
Western,66
X-Pod,89
Znap,80
